,x,y,ground_truth,mu_x,mu_y,sigma_x,sigma_y,certainty,prediction
0,-1.323562617928698,3.2476281947041645,4,-1.0,-2.0,4.0,2.5,0.3120741509291539,1
1,0.8930333832392472,-0.21401953087006964,3,0.0,-2.0,1.0,2.5,0.31457135493093336,3
2,-1.430784294696209,2.693086798717859,3,0.0,-2.0,1.0,2.5,0.3266761487492502,3
3,0.879965117719026,-0.4466480390445986,4,-1.0,-2.0,4.0,2.5,0.3356986122771787,3
4,0.965862890573549,-0.7409032071863297,3,0.0,-2.0,1.0,2.5,0.33682440553399845,3
5,1.0856806445443703,-1.0157106295833598,2,2.0,-2.0,2.0,3.0,0.3375171110211867,2
6,-1.678194808016042,1.3509784461658452,4,-1.0,-2.0,4.0,2.5,0.3530047139978379,4
7,1.2397169964052606,-0.7871357968441159,2,2.0,-2.0,2.0,3.0,0.35501974412576703,2
8,0.6283129224308773,-0.019013081006178822,1,1.0,2.0,1.0,2.2,0.35546402931206234,3
9,0.5155673286907848,0.1461051191208722,1,1.0,2.0,1.0,2.2,0.36368352023709827,3
10,1.518430632523625,-0.09336038822327053,1,1.0,2.0,1.0,2.2,0.3649760580973212,2
11,0.2518261109083729,0.7522430232016686,3,0.0,-2.0,1.0,2.5,0.3688861009555606,1
12,1.310097665290987,0.02537964905078338,2,2.0,-2.0,2.0,3.0,0.36946328549930635,1
13,-0.20721120859178532,1.3397491955974825,4,-1.0,-2.0,4.0,2.5,0.3721544309248545,3
14,-0.06575734919756226,1.1120755947109433,1,1.0,2.0,1.0,2.2,0.37346578669643676,3
15,-1.2420173596039228,2.0706643582584663,1,1.0,2.0,1.0,2.2,0.3779154523132314,3
16,0.5307429543680224,0.5179044690122465,1,1.0,2.0,1.0,2.2,0.37862509914847825,1
17,0.9676933155484106,0.20394643899676757,2,2.0,-2.0,2.0,3.0,0.38084631681436537,1
18,-0.9579013197819912,2.8903866420522624,1,1.0,2.0,1.0,2.2,0.3835619160599039,1
19,0.7086435174350421,0.40525322023529853,2,2.0,-2.0,2.0,3.0,0.38548416257411766,1
20,-0.09400161733980616,1.0048973719744048,3,0.0,-2.0,1.0,2.5,0.388800082469174,3
21,0.7816182627229786,-0.906423933776092,4,-1.0,-2.0,4.0,2.5,0.3918302771307762,3
22,0.13560526759157,1.051155404245181,2,2.0,-2.0,2.0,3.0,0.3929151028309718,1
23,-0.31334672464993374,1.7116088640286895,3,0.0,-2.0,1.0,2.5,0.3946955608783643,1
24,1.605185470244464,0.23967717600176996,1,1.0,2.0,1.0,2.2,0.3966280724693207,1
25,0.9727911747758882,0.3025587592946839,2,2.0,-2.0,2.0,3.0,0.39708858563323335,1
26,1.7909858787655337,0.3578213241451449,1,1.0,2.0,1.0,2.2,0.39887587728154805,1
27,1.1162093357738754,-2.5806036675383153,2,2.0,-2.0,2.0,3.0,0.4011463711769914,2
28,-1.693003370635389,-0.9505937468576944,2,2.0,-2.0,2.0,3.0,0.40264264179919945,4
29,-0.08733758298387369,0.8563266527180424,3,0.0,-2.0,1.0,2.5,0.40264344513859135,3
30,-0.03418952687141541,0.7683530813181356,1,1.0,2.0,1.0,2.2,0.4030511617495951,3
31,-1.6791042035287762,-2.7010731512634534,3,0.0,-2.0,1.0,2.5,0.40421945543132903,4
32,0.6260083165776946,-0.6012185946264599,3,0.0,-2.0,1.0,2.5,0.4045551982671686,3
33,1.1524980088074546,0.2780397964716894,1,1.0,2.0,1.0,2.2,0.40505391868680457,1
34,-1.7137142429505734,-4.517847441787433,4,-1.0,-2.0,4.0,2.5,0.40539386392215904,4
35,0.9644902430614932,0.3735180518220125,1,1.0,2.0,1.0,2.2,0.40780041816070783,1
36,-1.65433740091041,-1.923570519562098,3,0.0,-2.0,1.0,2.5,0.4078192955022831,3
37,1.1695576777136165,-2.460586175595122,2,2.0,-2.0,2.0,3.0,0.4098719359942861,2
38,0.6905145915783601,-0.8689539597783456,2,2.0,-2.0,2.0,3.0,0.4100333644689848,3
39,1.3843876896569105,-1.2821219431123447,3,0.0,-2.0,1.0,2.5,0.4113153062527661,2
40,0.19586475439765674,0.25126605033273997,3,0.0,-2.0,1.0,2.5,0.41468690242729545,3
41,1.0031642219432981,-3.688409588942207,3,0.0,-2.0,1.0,2.5,0.4155932148545916,3
42,0.997437350071944,-3.8272593366743015,3,0.0,-2.0,1.0,2.5,0.4164362018487223,3
43,-1.5521139014412424,-0.034190674677657684,2,2.0,-2.0,2.0,3.0,0.417296557115858,3
44,1.5106299687331117,-0.9130902007580519,3,0.0,-2.0,1.0,2.5,0.41864433355790753,2
45,0.9814417221813165,-2.9200599850380575,2,2.0,-2.0,2.0,3.0,0.4190719111138028,3
46,-0.17079556802335905,0.7719971084840851,2,2.0,-2.0,2.0,3.0,0.42329407374326117,3
47,-0.8506784224925026,-8.789566607725908,2,2.0,-2.0,2.0,3.0,0.4246477960833723,2
48,-0.2022193828685941,1.748373406350498,1,1.0,2.0,1.0,2.2,0.42584153556683146,1
49,0.610834169150553,-0.8484395967623881,2,2.0,-2.0,2.0,3.0,0.4260840364521052,3
50,-1.7507546164208763,-2.975375340254449,3,0.0,-2.0,1.0,2.5,0.4283407229940115,4
51,1.2513579765012155,-2.558958547172824,4,-1.0,-2.0,4.0,2.5,0.43285649348228616,2
52,-1.4974558383799201,-5.226735965585733,2,2.0,-2.0,2.0,3.0,0.43505172794493097,3
53,1.0776647386786988,0.49302473475686837,2,2.0,-2.0,2.0,3.0,0.435508155325764,1
54,2.263165203446606,1.196345864797737,1,1.0,2.0,1.0,2.2,0.4359559742635895,1
55,-0.2770944877346315,0.7855605810188475,3,0.0,-2.0,1.0,2.5,0.4362808138161106,3
56,0.8994463452233501,-4.374617721102436,2,2.0,-2.0,2.0,3.0,0.43693826678557307,3
57,1.340971442312183,0.45218668655714667,1,1.0,2.0,1.0,2.2,0.43799346436247716,1
58,0.45947857237911355,-0.5985187296517553,3,0.0,-2.0,1.0,2.5,0.4389126360228691,3
59,0.22867623104216994,-0.08064532917522826,2,2.0,-2.0,2.0,3.0,0.43919404529874206,3
60,-1.553088222967086,-2.314896632803605,3,0.0,-2.0,1.0,2.5,0.43953927928444914,3
61,1.6098840857314585,-0.8887167089920149,4,-1.0,-2.0,4.0,2.5,0.43963131799267435,2
62,1.2594462914886841,-2.7386189290878926,3,0.0,-2.0,1.0,2.5,0.4408281135114503,2
63,-1.4445859192605788,-5.585191596701334,4,-1.0,-2.0,4.0,2.5,0.4429652352777464,3
64,2.2583599325460852,0.9847459073793128,2,2.0,-2.0,2.0,3.0,0.4438841224771397,2
65,-1.9471400916150017,1.6131215743652971,4,-1.0,-2.0,4.0,2.5,0.4444356669949135,4
66,1.427749233280407,-1.762608652877641,2,2.0,-2.0,2.0,3.0,0.44482278204411796,2
67,1.5879585354252488,0.549400402604943,1,1.0,2.0,1.0,2.2,0.44637870899942406,1
68,0.8208338272782143,-2.2762989836955305,2,2.0,-2.0,2.0,3.0,0.44813585436697667,3
69,0.7747761008651353,-1.9560169359503243,3,0.0,-2.0,1.0,2.5,0.44881689892073007,3
70,-1.4755488619188295,-1.0099095918667087,3,0.0,-2.0,1.0,2.5,0.4529965956757163,3
71,1.5792311993684425,0.6156943683410652,1,1.0,2.0,1.0,2.2,0.4572648100539256,1
72,1.7586993090411513,-0.6697696144439376,4,-1.0,-2.0,4.0,2.5,0.4593152752746437,2
73,-1.860521240983145,-4.098038277108138,4,-1.0,-2.0,4.0,2.5,0.4610012642360296,4
74,-0.4074389145559003,2.3518098078892957,1,1.0,2.0,1.0,2.2,0.4630530804846616,1
75,0.1808695552848909,-0.26836103264287603,1,1.0,2.0,1.0,2.2,0.4633853261515475,3
76,-1.3270833337320227,0.08447097127262593,4,-1.0,-2.0,4.0,2.5,0.4642137758299425,3
77,0.8045839165960604,-3.0329257661424314,2,2.0,-2.0,2.0,3.0,0.4660476738030389,3
78,0.7038138063797177,-5.236406912230829,3,0.0,-2.0,1.0,2.5,0.46692789575266114,3
79,-1.077479311476396,3.910047987415016,3,0.0,-2.0,1.0,2.5,0.4673880885446351,1
80,-1.442112625241409,-1.6359245186174942,3,0.0,-2.0,1.0,2.5,0.46777807911973973,3
81,0.26700044081127694,-0.5095431757310034,3,0.0,-2.0,1.0,2.5,0.4679608834243803,3
82,-1.4466758145262364,-1.931184887993601,3,0.0,-2.0,1.0,2.5,0.4683241613388355,3
83,0.4874976939418645,-1.0994645139552972,3,0.0,-2.0,1.0,2.5,0.4683771419499709,3
84,2.167992245242674,1.2691966485815571,1,1.0,2.0,1.0,2.2,0.46870396528619357,1
85,-0.8913392142547261,0.8726260005682116,1,1.0,2.0,1.0,2.2,0.46911921903398424,3
86,-1.429453782282784,-3.8801645084788228,3,0.0,-2.0,1.0,2.5,0.46943293992156176,3
87,-0.34746732150075754,0.47229801904540336,2,2.0,-2.0,2.0,3.0,0.47234787862052807,3
88,-1.3938189098519582,-1.0414907712956072,2,2.0,-2.0,2.0,3.0,0.47383803627265897,3
89,0.4095011344937288,-0.9564717443899862,3,0.0,-2.0,1.0,2.5,0.4742506917708409,3
90,0.6734543855189232,-5.139175296322085,2,2.0,-2.0,2.0,3.0,0.4762939646103182,3
91,0.7637558064521419,-3.7609741300472654,3,0.0,-2.0,1.0,2.5,0.47724324799058915,3
92,1.3727900724291844,-2.9948521791936225,3,0.0,-2.0,1.0,2.5,0.47833857695620247,2
93,-1.3895541810986605,-1.4177472480337834,2,2.0,-2.0,2.0,3.0,0.4792553026170685,3
94,0.7269174114251149,0.9941292103741521,1,1.0,2.0,1.0,2.2,0.4815918810655704,1
95,0.42350018204374806,-1.1158764578566096,1,1.0,2.0,1.0,2.2,0.481767714853514,3
96,0.6976215014322826,-2.4849736289140965,2,2.0,-2.0,2.0,3.0,0.48251355790234324,3
97,0.7187749350092014,-2.7617816341626646,4,-1.0,-2.0,4.0,2.5,0.48299070914031283,3
98,-0.9831192905114565,0.5550111220986187,2,2.0,-2.0,2.0,3.0,0.4856901565960644,3
99,-1.3757311499527591,-3.2836674481287083,2,2.0,-2.0,2.0,3.0,0.48710679474255664,3
100,1.6953652935329697,-1.329032053907011,2,2.0,-2.0,2.0,3.0,0.48712897284867474,2
101,0.15124722546366054,1.6659134740792458,2,2.0,-2.0,2.0,3.0,0.4896742423891064,1
102,-0.1157040091313235,-7.689634316802056,4,-1.0,-2.0,4.0,2.5,0.4903630296075518,3
103,-0.19791612120905805,0.05405976324640882,3,0.0,-2.0,1.0,2.5,0.4906469467293856,3
104,0.21867225798822376,1.6105819049488828,1,1.0,2.0,1.0,2.2,0.4945444682024209,1
105,0.5160773683910288,-5.617270299603001,3,0.0,-2.0,1.0,2.5,0.49540409774074645,3
106,-1.296048358622076,-4.5294783831906855,2,2.0,-2.0,2.0,3.0,0.4961261492301537,3
107,0.2562740854341936,1.5848324246146293,3,0.0,-2.0,1.0,2.5,0.4978024372620334,1
108,0.5514760412620809,1.2638639459821523,4,-1.0,-2.0,4.0,2.5,0.4991501177473492,1
109,0.519220156720716,-5.43248877650961,4,-1.0,-2.0,4.0,2.5,0.5003028682026985,3
110,1.3578922900561339,-3.8167184949864916,4,-1.0,-2.0,4.0,2.5,0.501566673325979,2
111,-1.3159546607608832,-2.9827675869541577,3,0.0,-2.0,1.0,2.5,0.5028251640653394,3
112,-1.9552804367743066,-2.7987478654505553,2,2.0,-2.0,2.0,3.0,0.5044077946275686,4
113,0.056870065495848054,-0.5719864611997116,4,-1.0,-2.0,4.0,2.5,0.5056908462929596,3
114,0.01759409808526537,-0.5060499899830351,3,0.0,-2.0,1.0,2.5,0.5063964422518973,3
115,-1.076741162884619,-0.058684618394952315,4,-1.0,-2.0,4.0,2.5,0.5064022074559695,3
116,0.49444531435794187,-1.903802794015504,3,0.0,-2.0,1.0,2.5,0.5072843797451618,3
117,1.0405961986487593,0.9686856366604024,3,0.0,-2.0,1.0,2.5,0.5085259386833205,1
118,-1.2097297764129056,-4.944575030850629,3,0.0,-2.0,1.0,2.5,0.5091411656837191,3
119,-1.973261303507861,-1.4044884469045975,4,-1.0,-2.0,4.0,2.5,0.5096361590271166,4
120,-0.6003698048178338,0.2002130251061991,3,0.0,-2.0,1.0,2.5,0.5105706293136766,3
121,1.443208395867549,-3.4183801574415895,2,2.0,-2.0,2.0,3.0,0.5110979976098481,2
122,1.528304995542919,-2.7749377085703766,3,0.0,-2.0,1.0,2.5,0.5113175339040688,2
123,2.310239903162721,1.8628875388492157,2,2.0,-2.0,2.0,3.0,0.5114751455305732,1
124,-1.991915527426564,-3.930755219672226,4,-1.0,-2.0,4.0,2.5,0.5117606512998943,4
125,0.48726875383807444,-2.019912725998728,4,-1.0,-2.0,4.0,2.5,0.5128399377878342,3
126,-0.412677602963637,-0.020793431185919253,3,0.0,-2.0,1.0,2.5,0.5159825698045367,3
127,1.8444880335714067,-1.2083990031151075,2,2.0,-2.0,2.0,3.0,0.5161089150440339,2
128,2.4539318435197326,2.2600484595470025,2,2.0,-2.0,2.0,3.0,0.5176164471308842,1
129,1.1768661719711702,-5.541750287606208,3,0.0,-2.0,1.0,2.5,0.5192911197243715,2
130,-1.126058316926981,-0.7009771020359827,2,2.0,-2.0,2.0,3.0,0.5199407758889283,3
131,-0.8841976674033667,-0.023934434104363245,2,2.0,-2.0,2.0,3.0,0.520862515125136,3
132,1.5106781941957403,-3.185834420859951,2,2.0,-2.0,2.0,3.0,0.5211597493565784,2
133,1.8724889854742983,1.2498387963534818,1,1.0,2.0,1.0,2.2,0.5214892540889139,1
134,-1.0533724805702882,-0.4538879078957676,3,0.0,-2.0,1.0,2.5,0.5229154533918816,3
135,2.3116264349228257,1.96488936706977,2,2.0,-2.0,2.0,3.0,0.523680633194185,1
136,0.5265454995929559,-2.8280237257535745,4,-1.0,-2.0,4.0,2.5,0.5244518250721668,3
137,1.0114274004227917,-6.5047580906940565,2,2.0,-2.0,2.0,3.0,0.5248431346306609,2
138,7.119926075383885,-4.792066815464901,2,2.0,-2.0,2.0,3.0,0.5273332582460007,4
139,0.5317433474349388,-3.6561820764178696,3,0.0,-2.0,1.0,2.5,0.5274812953242405,3
140,1.324813526404193,-4.835207493825081,2,2.0,-2.0,2.0,3.0,0.5292005897412605,2
141,-1.1911703285813997,-3.129817115949768,3,0.0,-2.0,1.0,2.5,0.5301819184174721,3
142,-2.029626766559363,-3.226425692316885,4,-1.0,-2.0,4.0,2.5,0.5314186731206312,4
143,0.20267199669910396,-1.3625449272720682,3,0.0,-2.0,1.0,2.5,0.5326070505855023,3
144,-0.5214023813730759,-0.195348476414265,3,0.0,-2.0,1.0,2.5,0.5328651914070379,3
145,0.050778907568944986,2.102660053464494,1,1.0,2.0,1.0,2.2,0.5330865172537811,1
146,-1.1652205855330584,-2.1561834565483577,3,0.0,-2.0,1.0,2.5,0.5341733307702954,3
147,0.4828010229437827,-3.021590495771826,3,0.0,-2.0,1.0,2.5,0.5348089945876952,3
148,-1.0524924795375177,-0.8799299655102517,4,-1.0,-2.0,4.0,2.5,0.5348973371985571,3
149,-0.17403473208226503,-0.6042177165387546,3,0.0,-2.0,1.0,2.5,0.5350504423749438,3
150,0.28125628590030877,-5.527988304264807,3,0.0,-2.0,1.0,2.5,0.537147350095223,3
151,-0.1966170898158972,-0.6107312610096474,2,2.0,-2.0,2.0,3.0,0.5375439508996592,3
152,2.224720589566819,-0.2604735547591557,1,1.0,2.0,1.0,2.2,0.541016452751313,2
153,-0.7096047646881218,-6.474765062687444,2,2.0,-2.0,2.0,3.0,0.5419017303856241,3
154,0.9177438569086455,-7.186839646261868,3,0.0,-2.0,1.0,2.5,0.5420624916960496,2
155,-1.0761833171592905,-4.307751960697283,4,-1.0,-2.0,4.0,2.5,0.5435752753655806,3
156,2.9706657677222097,2.490911340352614,2,2.0,-2.0,2.0,3.0,0.5436420155130387,2
157,0.05688571842384147,-6.1312100892405015,3,0.0,-2.0,1.0,2.5,0.5444316163689609,3
158,-2.056989034635148,-2.1319909971564406,4,-1.0,-2.0,4.0,2.5,0.5446627629425269,4
159,0.8829827527738562,1.2947851175933063,1,1.0,2.0,1.0,2.2,0.5452501281661922,1
160,0.15568017137271117,-1.529087480219583,3,0.0,-2.0,1.0,2.5,0.5469634034243053,3
161,-1.093567042303308,-3.3642280914903195,4,-1.0,-2.0,4.0,2.5,0.548146945562483,3
162,-2.069484676269612,-1.8969157925899802,4,-1.0,-2.0,4.0,2.5,0.5492398461966341,4
163,0.23296624037700764,1.976963678678604,1,1.0,2.0,1.0,2.2,0.5509586236393959,1
164,-0.129875990900993,-6.276588790916834,2,2.0,-2.0,2.0,3.0,0.5534304950513667,3
165,2.29730752962658,-0.1922185151367597,2,2.0,-2.0,2.0,3.0,0.5536096939570218,2
166,0.3707210043703091,-3.287148888417493,4,-1.0,-2.0,4.0,2.5,0.5554294897774222,3
167,1.8049790831618644,-2.1471928902665915,2,2.0,-2.0,2.0,3.0,0.5564444598457009,2
168,-0.21995699422251835,-0.9173729492855895,3,0.0,-2.0,1.0,2.5,0.5566982488177455,3
169,-0.390728829446217,3.0221286155451597,1,1.0,2.0,1.0,2.2,0.5569589367670162,1
170,-0.5160319181148639,-0.6599665565410682,3,0.0,-2.0,1.0,2.5,0.5576706487561957,3
171,2.1280790787288426,-0.8067131681458197,1,1.0,2.0,1.0,2.2,0.5577606062345977,2
172,-1.0240200343239225,-2.2429804870408137,3,0.0,-2.0,1.0,2.5,0.5591367714371425,3
173,7.141109282025319,-0.35643153729646904,4,-1.0,-2.0,4.0,2.5,0.5622689480937488,4
174,-0.9370065633302214,-1.5120784094821347,2,2.0,-2.0,2.0,3.0,0.5626863052338034,3
175,-0.9531024822360189,-1.649593566768426,3,0.0,-2.0,1.0,2.5,0.5629215492444581,3
176,0.2859466586897991,-2.780999918969918,3,0.0,-2.0,1.0,2.5,0.563959989538137,3
177,-0.4707994364004249,-0.8143148538153322,3,0.0,-2.0,1.0,2.5,0.5639605481532868,3
178,-0.46239018944395865,-0.8376973230390923,3,0.0,-2.0,1.0,2.5,0.5648260141621364,3
179,0.29736646958248963,-3.385456298965,3,0.0,-2.0,1.0,2.5,0.5665755880524578,3
180,6.306367998845239,-1.4078678863014162,4,-1.0,-2.0,4.0,2.5,0.5683139971221347,2
181,-0.9621885181571135,-3.3474473029001484,2,2.0,-2.0,2.0,3.0,0.569582340564208,3
182,7.100965049935766,-2.2056921446148863,4,-1.0,-2.0,4.0,2.5,0.5706134538700224,4
183,-0.48567136976012387,-0.9632805407578151,3,0.0,-2.0,1.0,2.5,0.5706459875549154,3
184,0.24605456548661142,-2.8968986143153086,3,0.0,-2.0,1.0,2.5,0.5707920816163692,3
185,-0.4361602064281161,-1.0213933984595085,3,0.0,-2.0,1.0,2.5,0.5721350752169742,3
186,-0.5960398579492783,-5.627572666047575,4,-1.0,-2.0,4.0,2.5,0.5738721541281899,3
187,-0.34226899449004045,-5.828327945893627,3,0.0,-2.0,1.0,2.5,0.5743004349221903,3
188,-0.8437383397976838,-1.8079439751100852,3,0.0,-2.0,1.0,2.5,0.5775537207380144,3
189,1.790130618602253,1.5808621581851456,4,-1.0,-2.0,4.0,2.5,0.5779216777623973,1
190,-0.8917325686126172,-2.5097616151754143,2,2.0,-2.0,2.0,3.0,0.5788662593589572,3
191,-0.09588315725283314,-5.344953278739153,2,2.0,-2.0,2.0,3.0,0.5794336939916767,3
192,-0.5056880120874421,-1.2293962710752493,4,-1.0,-2.0,4.0,2.5,0.580717490960634,3
193,-0.8534281338727581,-3.8554209872517102,3,0.0,-2.0,1.0,2.5,0.58084183770972,3
194,2.5079049005499345,0.10074129726393277,2,2.0,-2.0,2.0,3.0,0.5833930601151818,2
195,2.3098782659981034,2.4835541420349774,1,1.0,2.0,1.0,2.2,0.5837214978199765,1
196,-2.15860731267315,-2.703660037032771,4,-1.0,-2.0,4.0,2.5,0.5840105592092029,4
197,2.215452600422247,-0.8951822270691405,2,2.0,-2.0,2.0,3.0,0.5841418680658871,2
198,-0.852097496792112,-3.0687541962530287,2,2.0,-2.0,2.0,3.0,0.5846494739469656,3
199,-0.31032931263965646,-1.4773707866962236,3,0.0,-2.0,1.0,2.5,0.5853668251245456,3
200,0.13526814629906497,-3.1422329565697398,3,0.0,-2.0,1.0,2.5,0.5859106578576343,3
201,2.229440311959866,-0.8762593409953698,2,2.0,-2.0,2.0,3.0,0.5861285724237949,2
202,0.9928794161285084,1.5326509492579246,1,1.0,2.0,1.0,2.2,0.5888878687720601,1
203,-0.5804021481253169,-1.6131446575730548,3,0.0,-2.0,1.0,2.5,0.5905946295409056,3
204,-1.1293238005794493,5.399971216067722,1,1.0,2.0,1.0,2.2,0.5910279152183295,1
205,-2.20146849287874,-3.94029311957314,4,-1.0,-2.0,4.0,2.5,0.5926631353698507,4
206,-0.6729971527197179,-4.304941213047477,3,0.0,-2.0,1.0,2.5,0.5936391999346723,3
207,1.1872190636425173,-6.916638337897332,2,2.0,-2.0,2.0,3.0,0.5936995618467127,2
208,1.8857723753583546,-2.586173776443876,2,2.0,-2.0,2.0,3.0,0.5945804759438873,2
209,0.3035892646054942,2.203658879605217,1,1.0,2.0,1.0,2.2,0.5949318395179853,1
210,-2.2563292792771623,0.6550903708455378,4,-1.0,-2.0,4.0,2.5,0.5953289507541388,4
211,1.4943792918702417,1.5305444751058177,1,1.0,2.0,1.0,2.2,0.5960786516292643,1
212,-0.5667500263053774,-1.8829669661850676,3,0.0,-2.0,1.0,2.5,0.59670071645292,3
213,-0.7075998437725193,-3.6406231080310736,3,0.0,-2.0,1.0,2.5,0.5970171332609171,3
214,-0.5295697691087417,-1.8619047128335655,4,-1.0,-2.0,4.0,2.5,0.5972770334030915,3
215,-0.2999404623692747,-1.9855496493049498,3,0.0,-2.0,1.0,2.5,0.5990779366955726,3
216,-0.6873433881373774,-2.6807930152192148,3,0.0,-2.0,1.0,2.5,0.5994131855926823,3
217,-0.641008494781211,-3.9482339224244773,4,-1.0,-2.0,4.0,2.5,0.5997025035679736,3
218,0.8954195117144058,1.6657522239279947,1,1.0,2.0,1.0,2.2,0.5997504615744436,1
219,-0.66738598989474,-2.7033779256126853,3,0.0,-2.0,1.0,2.5,0.6009085980940622,3
220,6.062601132240084,-1.767895476587198,4,-1.0,-2.0,4.0,2.5,0.6018709063635027,2
221,-0.2746060409553559,-2.270234009696029,2,2.0,-2.0,2.0,3.0,0.6038768796467112,3
222,-0.24083658482189274,-4.329901208091785,4,-1.0,-2.0,4.0,2.5,0.6042437719028468,3
223,-0.2321307081620272,-4.285824248247119,3,0.0,-2.0,1.0,2.5,0.6045949920540531,3
224,-0.1850820394257209,-4.121672260990862,3,0.0,-2.0,1.0,2.5,0.6050769522600918,3
225,-0.1321559269971193,2.9345092450989774,1,1.0,2.0,1.0,2.2,0.605162408838568,1
226,-0.1427172398018166,-3.517870188174197,4,-1.0,-2.0,4.0,2.5,0.6074186754196829,3
227,-0.18791196908536723,-3.8010882057048567,4,-1.0,-2.0,4.0,2.5,0.6079122950779816,3
228,-0.36926596245661175,-2.441931540518244,3,0.0,-2.0,1.0,2.5,0.6079392551767808,3
229,-0.5368622327445625,-3.4356163004276095,2,2.0,-2.0,2.0,3.0,0.6085437290003899,3
230,-0.21979272132414177,-2.873355283883975,3,0.0,-2.0,1.0,2.5,0.6091765905872918,3
231,-0.4759040949451108,-2.9462004918978764,3,0.0,-2.0,1.0,2.5,0.6106377257433375,3
232,6.063708658089914,-0.6361859705384698,2,2.0,-2.0,2.0,3.0,0.6122465774427315,2
233,-0.36094183572045085,-3.468124251833682,3,0.0,-2.0,1.0,2.5,0.6122736392144335,3
234,1.731520453890425,-4.1895743109349635,3,0.0,-2.0,1.0,2.5,0.6130155178960921,2
235,0.9995573816257224,1.712575687984189,2,2.0,-2.0,2.0,3.0,0.6140441233819476,1
236,1.3677815764509074,1.6481673759169915,1,1.0,2.0,1.0,2.2,0.6153887016380616,1
237,-2.2494326879509803,-1.2682266622795924,3,0.0,-2.0,1.0,2.5,0.617591715047809,4
238,2.4740984972605786,-0.5410964274836019,2,2.0,-2.0,2.0,3.0,0.6194351637800039,2
239,2.1015831402226595,-2.0262342914541414,3,0.0,-2.0,1.0,2.5,0.6203357166752899,2
240,3.256250931384439,2.8487772865987164,2,2.0,-2.0,2.0,3.0,0.6219977257709168,2
241,0.9783960408268929,1.788641436739817,1,1.0,2.0,1.0,2.2,0.6227414958179361,1
242,-2.2898153868241202,-4.112868328588453,4,-1.0,-2.0,4.0,2.5,0.6245676382912579,4
243,-0.2038129103353612,3.2463205821612857,1,1.0,2.0,1.0,2.2,0.627003949932951,1
244,1.780126930363548,-4.30464642587764,2,2.0,-2.0,2.0,3.0,0.6289795449168462,2
245,2.891054042730189,0.8265195257633895,2,2.0,-2.0,2.0,3.0,0.6292277255388569,2
246,2.2638792576735374,-1.5097164291725567,4,-1.0,-2.0,4.0,2.5,0.6301354716236083,2
247,1.8195008425477122,-4.155910046176425,2,2.0,-2.0,2.0,3.0,0.6333716615121787,2
248,2.786913472659868,0.3363465689820293,2,2.0,-2.0,2.0,3.0,0.6343338055119973,2
249,2.7750779671193664,5.230065276148647,1,1.0,2.0,1.0,2.2,0.6347108175543631,1
250,2.604335789373717,-0.37710059933064244,2,2.0,-2.0,2.0,3.0,0.637379425255942,2
251,0.8251054684935991,2.0154174899751967,1,1.0,2.0,1.0,2.2,0.6397442556191101,1
252,2.42188320382541,-1.1053776085761642,2,2.0,-2.0,2.0,3.0,0.6412374714562553,2
253,1.1208391725325746,-7.938446475171277,3,0.0,-2.0,1.0,2.5,0.6413738402973987,2
254,-2.375622112207749,0.21263405812102398,4,-1.0,-2.0,4.0,2.5,0.6500115341477661,4
255,-0.06711566477814612,3.2081798448697656,1,1.0,2.0,1.0,2.2,0.6504723957117667,1
256,2.684819472282283,-0.31892288776140143,2,2.0,-2.0,2.0,3.0,0.650683731879603,2
257,0.9771925656780012,2.057052543089815,1,1.0,2.0,1.0,2.2,0.6566784081103894,1
258,3.1554220351967444,1.4989321774976188,1,1.0,2.0,1.0,2.2,0.6589205251521655,2
259,1.3918396266590383,2.011870701920322,3,0.0,-2.0,1.0,2.5,0.6600665284860625,1
260,1.9201309014598282,-4.281258115651669,3,0.0,-2.0,1.0,2.5,0.6607365329719271,2
261,1.8701239077203486,-4.6655162446864455,2,2.0,-2.0,2.0,3.0,0.6626549282970209,2
262,2.9013600734679414,0.25093775052020684,4,-1.0,-2.0,4.0,2.5,0.6641982309332009,2
263,1.6374064933316985,-6.112793336167964,2,2.0,-2.0,2.0,3.0,0.6661699989372287,2
264,-2.465507208731777,1.0444691017903303,4,-1.0,-2.0,4.0,2.5,0.6670040713100287,4
265,2.196948288843172,-2.7466833401258106,4,-1.0,-2.0,4.0,2.5,0.667815291634418,2
266,5.798483270761991,-4.532118250631196,2,2.0,-2.0,2.0,3.0,0.6712428295026395,2
267,2.047411584502718,2.7857708444089964,1,1.0,2.0,1.0,2.2,0.6728294219279877,1
268,2.099474434060601,-3.5657379357822787,2,2.0,-2.0,2.0,3.0,0.6753346174010649,2
269,1.7549635052632566,-5.7186079774709455,2,2.0,-2.0,2.0,3.0,0.6766144942015844,2
270,1.7337489366915684,2.396265064463004,1,1.0,2.0,1.0,2.2,0.6801547921751602,1
271,2.6344370664619468,-1.1796964084552684,2,2.0,-2.0,2.0,3.0,0.683486711341969,2
272,0.673602373979152,2.5194705042927295,1,1.0,2.0,1.0,2.2,0.6849280145921338,1
273,2.5411474176460547,-1.6035898369402861,2,2.0,-2.0,2.0,3.0,0.6856014107159504,2
274,0.00602856423221132,3.426317983800285,2,2.0,-2.0,2.0,3.0,0.6871720766516741,1
275,0.7251687697029129,2.5281635100530857,1,1.0,2.0,1.0,2.2,0.6910201529867119,1
276,1.950230691287378,-4.992274665531653,3,0.0,-2.0,1.0,2.5,0.6915332428223031,2
277,2.4111649209615336,-2.422427898380704,2,2.0,-2.0,2.0,3.0,0.6941608697024485,2
278,2.9341311461237356,-0.2955578872107194,2,2.0,-2.0,2.0,3.0,0.6952328455201552,2
279,5.6555261954078535,-4.825291957543055,2,2.0,-2.0,2.0,3.0,0.6953600128672345,2
280,5.402856107004599,-3.786567177998892,2,2.0,-2.0,2.0,3.0,0.6959296868783941,2
281,0.6496984891376547,2.6592700844208235,1,1.0,2.0,1.0,2.2,0.6977269150281781,1
282,5.925516439417063,1.8086376896851237,4,-1.0,-2.0,4.0,2.5,0.6991471273675611,2
283,1.6212101512805404,-6.884154581195393,3,0.0,-2.0,1.0,2.5,0.6998272670477007,2
284,1.8991788588278329,-5.507138558002723,2,2.0,-2.0,2.0,3.0,0.6999203257213842,2
285,5.40028017963252,0.13421445155587453,2,2.0,-2.0,2.0,3.0,0.7030220080470471,2
286,-2.497880524051996,-0.4236778413414839,4,-1.0,-2.0,4.0,2.5,0.7031765773418542,4
287,3.4778278903978115,2.4388022973483032,2,2.0,-2.0,2.0,3.0,0.7041017923784723,2
288,7.857437919443976,-3.2138352949559694,4,-1.0,-2.0,4.0,2.5,0.707794471473701,4
289,5.157388008142178,-3.3031658093199168,2,2.0,-2.0,2.0,3.0,0.7101916897202126,2
290,7.841190913140698,-1.5072666957432033,4,-1.0,-2.0,4.0,2.5,0.7109506084837993,4
291,5.035046406162282,-2.0610905943443667,2,2.0,-2.0,2.0,3.0,0.7114673155654561,2
292,1.9129870325770488,-5.775358359227266,4,-1.0,-2.0,4.0,2.5,0.7132732155666517,2
293,1.7771823893872325,2.8060640616628936,1,1.0,2.0,1.0,2.2,0.7143755999592077,1
294,-2.516849918364457,-3.2413629319976405,4,-1.0,-2.0,4.0,2.5,0.7146482698973625,4
295,2.5133029489840504,-2.6237006126440083,4,-1.0,-2.0,4.0,2.5,0.71511420109227,2
296,2.4321368838091426,-3.158453866204005,2,2.0,-2.0,2.0,3.0,0.7188832414539005,2
297,2.7695405977204577,-1.6899419001193283,2,2.0,-2.0,2.0,3.0,0.7202881513085593,2
298,-2.70618544346456,-6.352833873943169,4,-1.0,-2.0,4.0,2.5,0.7217089711862965,4
299,2.29258334398058,-4.045837814262936,2,2.0,-2.0,2.0,3.0,0.7231560365429367,2
300,2.4399340248764005,-3.408873731617497,2,2.0,-2.0,2.0,3.0,0.7266244530441267,2
301,3.1995681108362,-0.2682145293282001,2,2.0,-2.0,2.0,3.0,0.7310142892212748,2
302,-0.13237492829396924,4.17140154066535,2,2.0,-2.0,2.0,3.0,0.7312540139359491,1
303,2.71992319998416,-2.354789335301268,2,2.0,-2.0,2.0,3.0,0.732452489830907,2
304,4.7376825404420915,-1.6113069531104895,2,2.0,-2.0,2.0,3.0,0.732909142202518,2
305,1.6450507277787005,2.8864295988887703,3,0.0,-2.0,1.0,2.5,0.7339989655035952,1
306,4.933128272371947,-3.7806493590702037,4,-1.0,-2.0,4.0,2.5,0.7346236672886837,2
307,4.7155177507797505,-2.595078993146699,4,-1.0,-2.0,4.0,2.5,0.7355121901414841,2
308,1.79506173085248,3.092637731958413,1,1.0,2.0,1.0,2.2,0.736152589086686,1
309,2.990053832400468,-1.442086785082371,2,2.0,-2.0,2.0,3.0,0.7368981722083662,2
310,1.5959329838315601,2.8888451732672924,1,1.0,2.0,1.0,2.2,0.7379097390521876,1
311,2.1988381040543805,-5.088669448257,3,0.0,-2.0,1.0,2.5,0.7401472105867625,2
312,3.541554971782366,1.437474607313387,2,2.0,-2.0,2.0,3.0,0.7406100652328165,2
313,2.6185018286384083,-3.1676941194672392,3,0.0,-2.0,1.0,2.5,0.7415036928471104,2
314,3.716429085564938,3.435827908865548,2,2.0,-2.0,2.0,3.0,0.7425662432712479,2
315,3.12774180573716,-1.1461716308524104,4,-1.0,-2.0,4.0,2.5,0.7426306334305696,2
316,3.354156888794062,-0.0650857440210253,2,2.0,-2.0,2.0,3.0,0.7431976278191728,2
317,-2.5954366256291093,-2.6599001800878193,4,-1.0,-2.0,4.0,2.5,0.7434140959651048,4
318,4.500924380785478,-1.4493233858518852,4,-1.0,-2.0,4.0,2.5,0.7467546475319721,2
319,3.00162928258733,-1.8949921506001322,3,0.0,-2.0,1.0,2.5,0.7471518415603651,2
320,4.416235410178276,-1.9394333536506665,2,2.0,-2.0,2.0,3.0,0.7498403421037341,2
321,4.528712726528498,-0.7027393337804637,2,2.0,-2.0,2.0,3.0,0.7509327367356525,2
322,3.311483826544933,-0.9168628060297457,2,2.0,-2.0,2.0,3.0,0.7522118578244631,2
323,1.7487099673344777,3.2655614665892814,1,1.0,2.0,1.0,2.2,0.7541021341811877,1
324,-0.05677908626138817,4.363585738089114,1,1.0,2.0,1.0,2.2,0.7578746143335948,1
325,4.862592342888611,-4.7118713846958045,2,2.0,-2.0,2.0,3.0,0.7587126409466304,2
326,5.984218200913947,3.3233865188989533,2,2.0,-2.0,2.0,3.0,0.7592557661280689,2
327,0.7139205248448757,3.252457569676856,1,1.0,2.0,1.0,2.2,0.7596436214183139,1
328,4.492791656389148,-0.10909552946730239,2,2.0,-2.0,2.0,3.0,0.7600561999636224,2
329,0.28021994764258096,3.814562914505189,1,1.0,2.0,1.0,2.2,0.7620028463575936,1
330,1.1640271369630062,3.047801207609272,1,1.0,2.0,1.0,2.2,0.7628966410917228,1
331,4.590300716917383,-4.1751252570444635,4,-1.0,-2.0,4.0,2.5,0.7629916807762163,2
332,4.6109696650090815,-4.241960043815386,2,2.0,-2.0,2.0,3.0,0.7631880969818352,2
333,2.3416616711189753,-5.179520170339688,2,2.0,-2.0,2.0,3.0,0.7632600022990733,2
334,3.408790684858899,-1.6047019579837487,4,-1.0,-2.0,4.0,2.5,0.7635772256314193,2
335,3.6931969475330924,0.6171654136876721,2,2.0,-2.0,2.0,3.0,0.7647000211312922,2
336,2.577839962209447,-4.379088048404849,4,-1.0,-2.0,4.0,2.5,0.7667635652076967,2
337,3.7379439468019373,-1.2004046101481027,2,2.0,-2.0,2.0,3.0,0.7669833228251519,2
338,3.2845072504817767,-2.3010412996388285,2,2.0,-2.0,2.0,3.0,0.7670802839549095,2
339,3.8207890388696613,-1.0135399443112318,2,2.0,-2.0,2.0,3.0,0.7671597092464923,2
340,0.434800161141499,3.663710584222105,1,1.0,2.0,1.0,2.2,0.7674962982165556,1
341,4.028473569261422,-2.841912054509607,2,2.0,-2.0,2.0,3.0,0.7684657437839033,2
342,-0.10669306233857778,4.628616279363619,1,1.0,2.0,1.0,2.2,0.7687151803115689,1
343,3.867900496071772,-0.1225485788355094,2,2.0,-2.0,2.0,3.0,0.7702258293873449,2
344,2.4126488400450343,-5.1503563935307906,4,-1.0,-2.0,4.0,2.5,0.7709263790330109,2
345,3.7700511169726596,-2.7468660631095796,2,2.0,-2.0,2.0,3.0,0.7734037978439804,2
346,0.9815448646806391,3.2655516129969016,2,2.0,-2.0,2.0,3.0,0.7756065682545364,1
347,3.387202736133415,-2.8860056582385303,2,2.0,-2.0,2.0,3.0,0.7758843602575752,2
348,-2.7220531681994116,-3.640311795285483,4,-1.0,-2.0,4.0,2.5,0.7760573045155599,4
349,3.9785401785512065,0.5759210643015624,2,2.0,-2.0,2.0,3.0,0.7767524218608636,2
350,3.744266732693981,-3.1312021518496653,2,2.0,-2.0,2.0,3.0,0.7776246628712294,2
351,-2.749999530920652,0.07486205522377753,2,2.0,-2.0,2.0,3.0,0.7778193491962669,4
352,1.7161783611654455,3.5755318158871727,2,2.0,-2.0,2.0,3.0,0.7780169116929156,1
353,3.5267181445787665,-3.0138421159540867,2,2.0,-2.0,2.0,3.0,0.778070457374025,2
354,3.3639032273358493,-3.3139562402768794,2,2.0,-2.0,2.0,3.0,0.7813307553989058,2
355,0.8392390923537082,3.431145791076557,1,1.0,2.0,1.0,2.2,0.781631061035929,1
356,0.6299239555566399,3.6186892845302827,3,0.0,-2.0,1.0,2.5,0.7816652273054863,1
357,4.371157935165686,-4.614093725876302,4,-1.0,-2.0,4.0,2.5,0.7825923548563154,2
358,5.4911429806352885,2.8690785039995035,2,2.0,-2.0,2.0,3.0,0.7834281938807703,2
359,3.9706402377255525,1.9643599487593573,2,2.0,-2.0,2.0,3.0,0.787708876904851,2
360,2.1920361806274062,-6.518763523878777,2,2.0,-2.0,2.0,3.0,0.789339983928029,2
361,3.350712831994845,-3.8792755123283844,2,2.0,-2.0,2.0,3.0,0.7901840826373139,2
362,2.928848317672406,-4.642897444959564,4,-1.0,-2.0,4.0,2.5,0.7960924916407792,2
363,3.42272568971919,-4.224558452493412,2,2.0,-2.0,2.0,3.0,0.7967040589369491,2
364,2.242930544189134,6.239970970905857,1,1.0,2.0,1.0,2.2,0.7994839926928876,1
365,0.9501334395751352,3.620460829199807,1,1.0,2.0,1.0,2.2,0.7994905905927242,1
366,2.8415225940847764,-5.055994593600342,2,2.0,-2.0,2.0,3.0,0.8022110115352409,2
367,4.111693890694994,-5.111606391966777,2,2.0,-2.0,2.0,3.0,0.803681396658406,2
368,3.0378828832208935,-4.928768083069223,4,-1.0,-2.0,4.0,2.5,0.8065411616128274,2
369,3.51047684008618,-4.833490414452793,2,2.0,-2.0,2.0,3.0,0.8089467616377323,2
370,0.08207930587433376,4.932390209805245,1,1.0,2.0,1.0,2.2,0.8104339490389615,1
371,0.759572190446582,3.956464539100466,1,1.0,2.0,1.0,2.2,0.8121426579817571,1
372,2.732698793710327,-5.656226375913928,2,2.0,-2.0,2.0,3.0,0.8125371684761178,2
373,4.35482016548859,2.525620577000659,2,2.0,-2.0,2.0,3.0,0.8144465983913819,2
374,3.889889173819587,-5.324854131855827,2,2.0,-2.0,2.0,3.0,0.8148544195593858,2
375,3.4246959217203674,-5.1013996461144515,2,2.0,-2.0,2.0,3.0,0.8153190191022494,2
376,-2.8822763700264256,-0.1365063773036439,2,2.0,-2.0,2.0,3.0,0.8154404354250685,4
377,2.417738474662132,-6.7023759847427415,4,-1.0,-2.0,4.0,2.5,0.8215435361059362,2
378,0.25759516468237376,4.816098983868451,1,1.0,2.0,1.0,2.2,0.8221835393594694,1
379,3.200018508534777,-5.661385168573505,2,2.0,-2.0,2.0,3.0,0.8279495442015474,2
380,-0.4146588022661226,7.6896311133015285,2,2.0,-2.0,2.0,3.0,0.8294078735433333,1
381,3.9781857153482303,-5.977724029039622,4,-1.0,-2.0,4.0,2.5,0.8298762359873101,2
382,4.382422359787789,3.209847857626258,4,-1.0,-2.0,4.0,2.5,0.8300219152076461,2
383,1.1022131457009299,4.116420043074461,1,1.0,2.0,1.0,2.2,0.8304865009762297,1
384,-2.9120433067128757,-1.5337627397265137,3,0.0,-2.0,1.0,2.5,0.8311447928805744,4
385,0.06277461118761296,5.773178674978617,1,1.0,2.0,1.0,2.2,0.8431156210197008,1
386,4.52692002488783,3.604431474940074,2,2.0,-2.0,2.0,3.0,0.8437015098075412,2
387,-3.0490177818576534,-4.725040296264891,2,2.0,-2.0,2.0,3.0,0.8439491608677268,4
388,2.040402887299762,-8.582313170416402,2,2.0,-2.0,2.0,3.0,0.852349837004848,2
389,1.2579142000333785,4.690739677653534,1,1.0,2.0,1.0,2.2,0.8533265902001823,1
390,3.9661767982199683,-6.8039817766410895,2,2.0,-2.0,2.0,3.0,0.8537607197192191,2
391,1.281127175917634,-10.76753284806526,2,2.0,-2.0,2.0,3.0,0.8546009543396345,2
392,0.2968768838167476,5.631022877656179,1,1.0,2.0,1.0,2.2,0.8570551790774101,1
393,-3.0921584637729316,-4.232746204893189,4,-1.0,-2.0,4.0,2.5,0.8582558114244558,4
394,0.7852915034630608,4.965707498287578,1,1.0,2.0,1.0,2.2,0.8594637308346014,1
395,0.9663132218916209,4.8710356857237045,1,1.0,2.0,1.0,2.2,0.8601031720356097,1
396,-3.2240089462078085,-5.209656305093756,3,0.0,-2.0,1.0,2.5,0.8697957434681036,4
397,0.47246815762125716,5.7655657222631485,1,1.0,2.0,1.0,2.2,0.8707647796508405,1
398,3.9841384746122093,-7.930123536132563,2,2.0,-2.0,2.0,3.0,0.8866487202053543,2
399,1.3325380618190525,6.7544527684015945,1,1.0,2.0,1.0,2.2,0.8892629363884595,1
400,2.768662553740356,-8.409123339198484,2,2.0,-2.0,2.0,3.0,0.896914068805275,2
401,2.878714566911495,-8.350996474035075,2,2.0,-2.0,2.0,3.0,0.8983311639954435,2
402,-3.5740755605130357,1.1616688988180726,4,-1.0,-2.0,4.0,2.5,0.9180162754706163,4
403,-3.577236790002689,-1.9767261596735224,4,-1.0,-2.0,4.0,2.5,0.9335020459866066,4
404,-3.6739008390689336,-1.5874432507760599,4,-1.0,-2.0,4.0,2.5,0.9416161375125193,4
405,-3.8933046033031276,-1.2113258557560609,4,-1.0,-2.0,4.0,2.5,0.9563963304822385,4
406,-4.187468730617633,-1.8110494052927595,4,-1.0,-2.0,4.0,2.5,0.9712934513645279,4
407,-4.696940763814327,-3.879209595690866,4,-1.0,-2.0,4.0,2.5,0.9847822541023942,4
408,-5.100005602833533,-2.1222278602104256,4,-1.0,-2.0,4.0,2.5,0.9922887175787938,4
409,-5.142575420490654,-0.6841133876158614,4,-1.0,-2.0,4.0,2.5,0.9924641436317625,4
410,-5.1455574374492885,-2.428084757622655,4,-1.0,-2.0,4.0,2.5,0.9927744158493523,4
411,-5.61506035502837,-6.009972933785265,4,-1.0,-2.0,4.0,2.5,0.9949004240986847,4
412,-5.752140460443164,1.030626181977305,4,-1.0,-2.0,4.0,2.5,0.9965478078984165,4
413,-5.804169872233969,1.4438589271039586,4,-1.0,-2.0,4.0,2.5,0.9966168471932441,4
414,-5.741726216271486,-2.425727537036516,4,-1.0,-2.0,4.0,2.5,0.9971801486536523,4
415,-5.954521757056647,-0.4210582947368784,4,-1.0,-2.0,4.0,2.5,0.9979024494269751,4
416,-6.014369552391728,-0.81330547145734,4,-1.0,-2.0,4.0,2.5,0.9981528033525686,4
417,-6.360634923038339,-5.9474553624279505,4,-1.0,-2.0,4.0,2.5,0.9985609172383174,4
418,-6.747896082493993,-3.7643320507118867,4,-1.0,-2.0,4.0,2.5,0.9994693503595109,4
419,-6.773147999716918,-1.0618796075337653,4,-1.0,-2.0,4.0,2.5,0.999520204615095,4
420,-7.2225249487738745,-5.975476919021353,4,-1.0,-2.0,4.0,2.5,0.999702338346097,4
421,-7.903165813883591,-0.5527562717570635,4,-1.0,-2.0,4.0,2.5,0.9999446854130694,4
422,-8.752209177102134,0.5115498452693696,4,-1.0,-2.0,4.0,2.5,0.9999898977623566,4
423,-9.279198955849994,1.8934888029448622,4,-1.0,-2.0,4.0,2.5,0.9999961738794608,4
424,-9.573499992803582,-0.9502339272861879,4,-1.0,-2.0,4.0,2.5,0.9999986331233124,4
